date,country,home_away,wc_team_score,opposition_score,result,match_type,opposition_country,home_team,away_team,tournament
2026-06-11,Mexico,home,2,0,win,competitive,South Africa,Mexico,South Africa,Group A
2026-06-11,South Africa,away,0,2,loss,competitive,Mexico,Mexico,South Africa,Group A
2026-06-11,South Korea,home,2,1,win,competitive,Czech Republic,South Korea,Czech Republic,Group A
2026-06-11,Czech Republic,away,1,2,loss,competitive,South Korea,South Korea,Czech Republic,Group A
2026-06-18,Czech Republic,home,1,1,draw,competitive,South Africa,Czech Republic,South Africa,Group A
2026-06-18,South Africa,away,1,1,draw,competitive,Czech Republic,Czech Republic,South Africa,Group A
2026-06-18,Mexico,home,1,0,win,competitive,South Korea,Mexico,South Korea,Group A
2026-06-18,South Korea,away,0,1,loss,competitive,Mexico,Mexico,South Korea,Group A
2026-06-24,Mexico,home,3,0,win,competitive,Czech Republic,Mexico,Czech Republic,Group A
2026-06-24,Czech Republic,away,0,3,loss,competitive,Mexico,Mexico,Czech Republic,Group A
2026-06-24,South Africa,home,1,0,win,competitive,South Korea,South Africa,South Korea,Group A
2026-06-24,South Korea,away,0,1,loss,competitive,South Africa,South Africa,South Korea,Group A
2026-06-12,Canada,home,1,1,draw,competitive,Bosnia and Herzegovina,Canada,Bosnia and Herzegovina,Group B
2026-06-12,Bosnia and Herzegovina,away,1,1,draw,competitive,Canada,Canada,Bosnia and Herzegovina,Group B
2026-06-13,Qatar,home,1,1,draw,competitive,Switzerland,Qatar,Switzerland,Group B
2026-06-13,Switzerland,away,1,1,draw,competitive,Qatar,Qatar,Switzerland,Group B
2026-06-18,Switzerland,home,4,1,win,competitive,Bosnia and Herzegovina,Switzerland,Bosnia and Herzegovina,Group B
2026-06-18,Bosnia and Herzegovina,away,1,4,loss,competitive,Switzerland,Switzerland,Bosnia and Herzegovina,Group B
2026-06-18,Canada,home,6,0,win,competitive,Qatar,Canada,Qatar,Group B
2026-06-18,Qatar,away,0,6,loss,competitive,Canada,Canada,Qatar,Group B
2026-06-24,Switzerland,home,2,1,win,competitive,Canada,Switzerland,Canada,Group B
2026-06-24,Canada,away,1,2,loss,competitive,Switzerland,Switzerland,Canada,Group B
2026-06-24,Bosnia and Herzegovina,home,3,1,win,competitive,Qatar,Bosnia and Herzegovina,Qatar,Group B
2026-06-24,Qatar,away,1,3,loss,competitive,Bosnia and Herzegovina,Bosnia and Herzegovina,Qatar,Group B
2026-06-13,Haiti,home,0,1,loss,competitive,Scotland,Haiti,Scotland,Group C
2026-06-13,Scotland,away,1,0,win,competitive,Haiti,Haiti,Scotland,Group C
2026-06-13,Brazil,home,1,1,draw,competitive,Morocco,Brazil,Morocco,Group C
2026-06-13,Morocco,away,1,1,draw,competitive,Brazil,Brazil,Morocco,Group C
2026-06-19,Brazil,home,3,0,win,competitive,Haiti,Brazil,Haiti,Group C
2026-06-19,Haiti,away,0,3,loss,competitive,Brazil,Brazil,Haiti,Group C
2026-06-19,Scotland,home,0,1,loss,competitive,Morocco,Scotland,Morocco,Group C
2026-06-19,Morocco,away,1,0,win,competitive,Scotland,Scotland,Morocco,Group C
2026-06-24,Scotland,home,0,3,loss,competitive,Brazil,Scotland,Brazil,Group C
2026-06-24,Brazil,away,3,0,win,competitive,Scotland,Scotland,Brazil,Group C
2026-06-24,Morocco,home,4,2,win,competitive,Haiti,Morocco,Haiti,Group C
2026-06-24,Haiti,away,2,4,loss,competitive,Morocco,Morocco,Haiti,Group C
2026-06-12,United States,home,4,1,win,competitive,Paraguay,United States,Paraguay,Group D
2026-06-12,Paraguay,away,1,4,loss,competitive,United States,United States,Paraguay,Group D
2026-06-13,Australia,home,2,0,win,competitive,Türkiye,Australia,Türkiye,Group D
2026-06-13,Türkiye,away,0,2,loss,competitive,Australia,Australia,Türkiye,Group D
2026-06-19,United States,home,2,0,win,competitive,Australia,United States,Australia,Group D
2026-06-19,Australia,away,0,2,loss,competitive,United States,United States,Australia,Group D
2026-06-19,Türkiye,home,0,1,loss,competitive,Paraguay,Türkiye,Paraguay,Group D
2026-06-19,Paraguay,away,1,0,win,competitive,Türkiye,Türkiye,Paraguay,Group D
2026-06-25,Türkiye,home,3,2,win,competitive,United States,Türkiye,United States,Group D
2026-06-25,United States,away,2,3,loss,competitive,Türkiye,Türkiye,United States,Group D
2026-06-25,Paraguay,home,0,0,draw,competitive,Australia,Paraguay,Australia,Group D
2026-06-25,Australia,away,0,0,draw,competitive,Paraguay,Paraguay,Australia,Group D
2026-06-14,Ivory Coast,home,1,0,win,competitive,Ecuador,Ivory Coast,Ecuador,Group E
2026-06-14,Ecuador,away,0,1,loss,competitive,Ivory Coast,Ivory Coast,Ecuador,Group E
2026-06-14,Germany,home,7,1,win,competitive,Curaçao,Germany,Curaçao,Group E
2026-06-14,Curaçao,away,1,7,loss,competitive,Germany,Germany,Curaçao,Group E
2026-06-20,Germany,home,2,1,win,competitive,Ivory Coast,Germany,Ivory Coast,Group E
2026-06-20,Ivory Coast,away,1,2,loss,competitive,Germany,Germany,Ivory Coast,Group E
2026-06-20,Ecuador,home,0,0,draw,competitive,Curaçao,Ecuador,Curaçao,Group E
2026-06-20,Curaçao,away,0,0,draw,competitive,Ecuador,Ecuador,Curaçao,Group E
2026-06-25,Ecuador,home,2,1,win,competitive,Germany,Ecuador,Germany,Group E
2026-06-25,Germany,away,1,2,loss,competitive,Ecuador,Ecuador,Germany,Group E
2026-06-25,Curaçao,home,0,2,loss,competitive,Ivory Coast,Curaçao,Ivory Coast,Group E
2026-06-25,Ivory Coast,away,2,0,win,competitive,Curaçao,Curaçao,Ivory Coast,Group E
2026-06-14,Netherlands,home,2,2,draw,competitive,Japan,Netherlands,Japan,Group F
2026-06-14,Japan,away,2,2,draw,competitive,Netherlands,Netherlands,Japan,Group F
2026-06-14,Sweden,home,5,1,win,competitive,Tunisia,Sweden,Tunisia,Group F
2026-06-14,Tunisia,away,1,5,loss,competitive,Sweden,Sweden,Tunisia,Group F
2026-06-20,Netherlands,home,5,1,win,competitive,Sweden,Netherlands,Sweden,Group F
2026-06-20,Sweden,away,1,5,loss,competitive,Netherlands,Netherlands,Sweden,Group F
2026-06-20,Tunisia,home,0,4,loss,competitive,Japan,Tunisia,Japan,Group F
2026-06-20,Japan,away,4,0,win,competitive,Tunisia,Tunisia,Japan,Group F
2026-06-25,Japan,home,1,1,draw,competitive,Sweden,Japan,Sweden,Group F
2026-06-25,Sweden,away,1,1,draw,competitive,Japan,Japan,Sweden,Group F
2026-06-25,Tunisia,home,1,3,loss,competitive,Netherlands,Tunisia,Netherlands,Group F
2026-06-25,Netherlands,away,3,1,win,competitive,Tunisia,Tunisia,Netherlands,Group F
2026-06-15,Iran,home,2,2,draw,competitive,New Zealand,Iran,New Zealand,Group G
2026-06-15,New Zealand,away,2,2,draw,competitive,Iran,Iran,New Zealand,Group G
2026-06-15,Belgium,home,1,1,draw,competitive,Egypt,Belgium,Egypt,Group G
2026-06-15,Egypt,away,1,1,draw,competitive,Belgium,Belgium,Egypt,Group G
2026-06-21,Belgium,home,0,0,draw,competitive,Iran,Belgium,Iran,Group G
2026-06-21,Iran,away,0,0,draw,competitive,Belgium,Belgium,Iran,Group G
2026-06-21,New Zealand,home,1,3,loss,competitive,Egypt,New Zealand,Egypt,Group G
2026-06-21,Egypt,away,3,1,win,competitive,New Zealand,New Zealand,Egypt,Group G
2026-06-26,Egypt,home,1,1,draw,competitive,Iran,Egypt,Iran,Group G
2026-06-26,Iran,away,1,1,draw,competitive,Egypt,Egypt,Iran,Group G
2026-06-26,New Zealand,home,1,5,loss,competitive,Belgium,New Zealand,Belgium,Group G
2026-06-26,Belgium,away,5,1,win,competitive,New Zealand,New Zealand,Belgium,Group G
2026-06-15,Saudi Arabia,home,1,1,draw,competitive,Uruguay,Saudi Arabia,Uruguay,Group H
2026-06-15,Uruguay,away,1,1,draw,competitive,Saudi Arabia,Saudi Arabia,Uruguay,Group H
2026-06-15,Spain,home,0,0,draw,competitive,Cape Verde,Spain,Cape Verde,Group H
2026-06-15,Cape Verde,away,0,0,draw,competitive,Spain,Spain,Cape Verde,Group H
2026-06-21,Uruguay,home,2,2,draw,competitive,Cape Verde,Uruguay,Cape Verde,Group H
2026-06-21,Cape Verde,away,2,2,draw,competitive,Uruguay,Uruguay,Cape Verde,Group H
2026-06-21,Spain,home,4,0,win,competitive,Saudi Arabia,Spain,Saudi Arabia,Group H
2026-06-21,Saudi Arabia,away,0,4,loss,competitive,Spain,Spain,Saudi Arabia,Group H
2026-06-26,Cape Verde,home,0,0,draw,competitive,Saudi Arabia,Cape Verde,Saudi Arabia,Group H
2026-06-26,Saudi Arabia,away,0,0,draw,competitive,Cape Verde,Cape Verde,Saudi Arabia,Group H
2026-06-26,Uruguay,home,0,1,loss,competitive,Spain,Uruguay,Spain,Group H
2026-06-26,Spain,away,1,0,win,competitive,Uruguay,Uruguay,Spain,Group H
2026-06-16,France,home,3,1,win,competitive,Senegal,France,Senegal,Group I
2026-06-16,Senegal,away,1,3,loss,competitive,France,France,Senegal,Group I
2026-06-16,Iraq,home,1,4,loss,competitive,Norway,Iraq,Norway,Group I
2026-06-16,Norway,away,4,1,win,competitive,Iraq,Iraq,Norway,Group I
2026-06-22,France,home,3,0,win,competitive,Iraq,France,Iraq,Group I
2026-06-22,Iraq,away,0,3,loss,competitive,France,France,Iraq,Group I
2026-06-22,Norway,home,3,2,win,competitive,Senegal,Norway,Senegal,Group I
2026-06-22,Senegal,away,2,3,loss,competitive,Norway,Norway,Senegal,Group I
2026-06-26,Norway,home,1,4,loss,competitive,France,Norway,France,Group I
2026-06-26,France,away,4,1,win,competitive,Norway,Norway,France,Group I
2026-06-26,Senegal,home,5,0,win,competitive,Iraq,Senegal,Iraq,Group I
2026-06-26,Iraq,away,0,5,loss,competitive,Senegal,Senegal,Iraq,Group I
2026-06-16,Argentina,home,3,0,win,competitive,Algeria,Argentina,Algeria,Group J
2026-06-16,Algeria,away,0,3,loss,competitive,Argentina,Argentina,Algeria,Group J
2026-06-16,Austria,home,3,1,win,competitive,Jordan,Austria,Jordan,Group J
2026-06-16,Jordan,away,1,3,loss,competitive,Austria,Austria,Jordan,Group J
2026-06-22,Argentina,home,2,0,win,competitive,Austria,Argentina,Austria,Group J
2026-06-22,Austria,away,0,2,loss,competitive,Argentina,Argentina,Austria,Group J
2026-06-22,Jordan,home,1,2,loss,competitive,Algeria,Jordan,Algeria,Group J
2026-06-22,Algeria,away,2,1,win,competitive,Jordan,Jordan,Algeria,Group J
2026-06-27,Algeria,home,3,3,draw,competitive,Austria,Algeria,Austria,Group J
2026-06-27,Austria,away,3,3,draw,competitive,Algeria,Algeria,Austria,Group J
2026-06-27,Jordan,home,1,3,loss,competitive,Argentina,Jordan,Argentina,Group J
2026-06-27,Argentina,away,3,1,win,competitive,Jordan,Jordan,Argentina,Group J
2026-06-17,Portugal,home,1,1,draw,competitive,DR Congo,Portugal,DR Congo,Group K
2026-06-17,DR Congo,away,1,1,draw,competitive,Portugal,Portugal,DR Congo,Group K
2026-06-17,Uzbekistan,home,1,3,loss,competitive,Colombia,Uzbekistan,Colombia,Group K
2026-06-17,Colombia,away,3,1,win,competitive,Uzbekistan,Uzbekistan,Colombia,Group K
2026-06-23,Portugal,home,5,0,win,competitive,Uzbekistan,Portugal,Uzbekistan,Group K
2026-06-23,Uzbekistan,away,0,5,loss,competitive,Portugal,Portugal,Uzbekistan,Group K
2026-06-23,Colombia,home,1,0,win,competitive,DR Congo,Colombia,DR Congo,Group K
2026-06-23,DR Congo,away,0,1,loss,competitive,Colombia,Colombia,DR Congo,Group K
2026-06-27,Colombia,home,0,0,draw,competitive,Portugal,Colombia,Portugal,Group K
2026-06-27,Portugal,away,0,0,draw,competitive,Colombia,Colombia,Portugal,Group K
2026-06-27,DR Congo,home,3,1,win,competitive,Uzbekistan,DR Congo,Uzbekistan,Group K
2026-06-27,Uzbekistan,away,1,3,loss,competitive,DR Congo,DR Congo,Uzbekistan,Group K
2026-06-17,Ghana,home,2,1,win,competitive,Panama,Ghana,Panama,Group L
2026-06-17,Panama,away,1,2,loss,competitive,Ghana,Ghana,Panama,Group L
2026-06-17,England,home,3,2,win,competitive,Croatia,England,Croatia,Group L
2026-06-17,Croatia,away,2,3,loss,competitive,England,England,Croatia,Group L
2026-06-23,England,home,0,0,draw,competitive,Ghana,England,Ghana,Group L
2026-06-23,Ghana,away,0,0,draw,competitive,England,England,Ghana,Group L
2026-06-23,Panama,home,0,1,loss,competitive,Croatia,Panama,Croatia,Group L
2026-06-23,Croatia,away,1,0,win,competitive,Panama,Panama,Croatia,Group L
2026-06-27,Panama,home,0,4,loss,competitive,England,Panama,England,Group L
2026-06-27,England,away,4,0,win,competitive,Panama,Panama,England,Group L
2026-06-27,Croatia,home,3,2,win,competitive,Ghana,Croatia,Ghana,Group L
2026-06-27,Ghana,away,2,3,loss,competitive,Croatia,Croatia,Ghana,Group L
2026-06-28,South Africa,home,0,1,loss,competitive,Canada,South Africa,Canada,Round of 32
2026-06-28,Canada,away,1,0,win,competitive,South Africa,South Africa,Canada,Round of 32
2026-06-29,Brazil,home,2,1,win,competitive,Japan,Brazil,Japan,Round of 32
2026-06-29,Japan,away,1,2,loss,competitive,Brazil,Brazil,Japan,Round of 32
2026-06-29,Germany,home,1,1,draw,competitive,Paraguay,Germany,Paraguay,Round of 32
2026-06-29,Paraguay,away,1,1,draw,competitive,Germany,Germany,Paraguay,Round of 32
2026-06-29,Netherlands,home,1,1,draw,competitive,Morocco,Netherlands,Morocco,Round of 32
2026-06-29,Morocco,away,1,1,draw,competitive,Netherlands,Netherlands,Morocco,Round of 32
2026-06-30,Ivory Coast,home,1,2,loss,competitive,Norway,Ivory Coast,Norway,Round of 32
2026-06-30,Norway,away,2,1,win,competitive,Ivory Coast,Ivory Coast,Norway,Round of 32
2026-06-30,France,home,3,0,win,competitive,Sweden,France,Sweden,Round of 32
2026-06-30,Sweden,away,0,3,loss,competitive,France,France,Sweden,Round of 32
2026-06-30,Mexico,home,2,0,win,competitive,Ecuador,Mexico,Ecuador,Round of 32
2026-06-30,Ecuador,away,0,2,loss,competitive,Mexico,Mexico,Ecuador,Round of 32
2026-07-01,England,home,2,1,win,competitive,DR Congo,England,DR Congo,Round of 32
2026-07-01,DR Congo,away,1,2,loss,competitive,England,England,DR Congo,Round of 32
2026-07-01,Belgium,home,3,2,win,competitive,Senegal,Belgium,Senegal,Round of 32
2026-07-01,Senegal,away,2,3,loss,competitive,Belgium,Belgium,Senegal,Round of 32
2026-07-01,United States,home,2,0,win,competitive,Bosnia and Herzegovina,United States,Bosnia and Herzegovina,Round of 32
2026-07-01,Bosnia and Herzegovina,away,0,2,loss,competitive,United States,United States,Bosnia and Herzegovina,Round of 32
2026-07-02,Spain,home,3,0,win,competitive,Austria,Spain,Austria,Round of 32
2026-07-02,Austria,away,0,3,loss,competitive,Spain,Spain,Austria,Round of 32
2026-07-02,Portugal,home,2,1,win,competitive,Croatia,Portugal,Croatia,Round of 32
2026-07-02,Croatia,away,1,2,loss,competitive,Portugal,Portugal,Croatia,Round of 32
2026-07-02,Switzerland,home,2,0,win,competitive,Algeria,Switzerland,Algeria,Round of 32
2026-07-02,Algeria,away,0,2,loss,competitive,Switzerland,Switzerland,Algeria,Round of 32
2026-07-03,Australia,home,1,1,draw,competitive,Egypt,Australia,Egypt,Round of 32
2026-07-03,Egypt,away,1,1,draw,competitive,Australia,Australia,Egypt,Round of 32
2026-07-03,Argentina,home,3,2,win,competitive,Cape Verde,Argentina,Cape Verde,Round of 32
2026-07-03,Cape Verde,away,2,3,loss,competitive,Argentina,Argentina,Cape Verde,Round of 32
2026-07-03,Colombia,home,1,0,win,competitive,Ghana,Colombia,Ghana,Round of 32
2026-07-03,Ghana,away,0,1,loss,competitive,Colombia,Colombia,Ghana,Round of 32
2026-07-04,Morocco,home,3,0,win,competitive,Canada,Morocco,Canada,Round of 16
2026-07-04,Canada,away,0,3,loss,competitive,Morocco,Morocco,Canada,Round of 16
2026-07-04,France,home,1,0,win,competitive,Paraguay,France,Paraguay,Round of 16
2026-07-04,Paraguay,away,0,1,loss,competitive,France,France,Paraguay,Round of 16
2026-07-04,Norway,home,2,0,win,competitive,Brazil,Norway,Brazil,Round of 16
2026-07-04,Brazil,away,0,2,loss,competitive,Norway,Norway,Brazil,Round of 16
2026-07-05,England,home,3,2,win,competitive,Mexico,England,Mexico,Round of 16
2026-07-05,Mexico,away,2,3,loss,competitive,England,England,Mexico,Round of 16
2026-07-05,Spain,home,1,0,win,competitive,Portugal,Spain,Portugal,Round of 16
2026-07-05,Portugal,away,0,1,loss,competitive,Spain,Spain,Portugal,Round of 16
2026-07-06,Belgium,home,4,1,win,competitive,United States,Belgium,United States,Round of 16
2026-07-06,United States,away,1,4,loss,competitive,Belgium,Belgium,United States,Round of 16
2026-07-06,Argentina,home,3,2,win,competitive,Egypt,Argentina,Egypt,Round of 16
2026-07-06,Egypt,away,2,3,loss,competitive,Argentina,Argentina,Egypt,Round of 16
2026-07-06,Switzerland,home,0,0,draw,competitive,Colombia,Switzerland,Colombia,Round of 16
2026-07-06,Colombia,away,0,0,draw,competitive,Switzerland,Switzerland,Colombia,Round of 16
2026-07-09,France,home,2,0,win,competitive,Morocco,France,Morocco,Quarter-final
2026-07-09,Morocco,away,0,2,loss,competitive,France,France,Morocco,Quarter-final
2026-07-10,Spain,home,2,1,win,competitive,Belgium,Spain,Belgium,Quarter-final
2026-07-10,Belgium,away,1,2,loss,competitive,Spain,Spain,Belgium,Quarter-final
2026-07-11,England,home,2,1,win,competitive,Norway,England,Norway,Quarter-final
2026-07-11,Norway,away,1,2,loss,competitive,England,England,Norway,Quarter-final
2026-07-12,Argentina,home,3,1,win,competitive,Switzerland,Argentina,Switzerland,Quarter-final
2026-07-12,Switzerland,away,1,3,loss,competitive,Argentina,Argentina,Switzerland,Quarter-final
